,Name,Salary,Season2
0,Stephen Curry,"$37,457,154.00 ",2018-2019
1,LeBron James,"$35,654,150.00 ",2018-2019
2,Blake Griffin,"$32,088,932.00 ",2018-2019
3,Kyle Lowry,"$31,200,000.00 ",2018-2019
4,Mike Conley,"$30,521,115.00 ",2018-2019
5,Kevin Durant,"$30,000,000.00 ",2018-2019
6,Al Horford,"$28,928,709.00 ",2018-2019
7,DeMar DeRozan,"$27,739,975.00 ",2018-2019
8,Jrue Holiday,"$25,976,111.00 ",2018-2019
9,Joel Embiid,"$25,467,250.00 ",2018-2019
10,Bradley Beal,"$25,434,263.00 ",2018-2019
11,Andre Drummond,"$25,434,263.00 ",2018-2019
12,Nikola Jokic,"$24,605,181.00 ",2018-2019
13,Giannis Antetokounmpo,"$24,157,303.00 ",2018-2019
14,Kevin Love,"$24,119,025.00 ",2018-2019
15,Chandler Parsons,"$24,107,258.00 ",2018-2019
16,Rudy Gobert,"$23,241,573.00 ",2018-2019
17,DeAndre Jordan,"$22,897,200.00 ",2018-2019
18,Serge Ibaka,"$21,666,667.00 ",2018-2019
19,Danilo Gallinari,"$21,587,579.00 ",2018-2019
20,Chris Paul,"$35,654,150.00 ",2018-2019
21,Russell Westbrook,"$35,654,150.00 ",2018-2019
22,Gordon Hayward,"$31,214,295.00 ",2018-2019
23,Paul George,"$30,560,700.00 ",2018-2019
24,James Harden,"$30,421,854.00 ",2018-2019
25,Paul Millsap,"$29,230,769.00 ",2018-2019
26,Damian Lillard,"$27,977,689.00 ",2018-2019
27,Otto Porter Jr.,"$26,011,913.00 ",2018-2019
28,CJ McCollum,"$25,759,766.00 ",2018-2019
29,Andrew Wiggins,"$25,467,250.00 ",2018-2019
30,Anthony Davis,"$25,434,263.00 ",2018-2019
31,Hassan Whiteside,"$25,434,262.00 ",2018-2019
32,Steven Adams,"$24,157,303.00 ",2018-2019
33,Marc Gasol,"$24,119,025.00 ",2018-2019
34,Harrison Barnes,"$24,107,258.00 ",2018-2019
35,Nicolas Batum,"$24,000,000.00 ",2018-2019
36,Kawhi Leonard,"$23,114,067.00 ",2018-2019
37,LaMarcus Aldridge,"$22,347,015.00 ",2018-2019
38,Aaron Gordon,"$21,590,909.00 ",2018-2019
39,Victor Oladipo,"$21,000,000.00 ",2018-2019
40,Jimmy Butler,"$20,445,779.00 ",2018-2019
41,Kyrie Irving,"$20,099,189.00 ",2018-2019
42,Zach LaVine,"$19,500,000.00 ",2018-2019
43,Tim Hardaway Jr.,"$19,200,127.00 ",2018-2019
44,George Hill,"$19,000,000.00 ",2018-2019
45,Klay Thompson,"$18,988,725.00 ",2018-2019
46,Goran Dragic,"$18,109,175.00 ",2018-2019
47,Evan Turner,"$17,868,853.00 ",2018-2019
48,Tristan Thompson,"$17,469,565.00 ",2018-2019
49,Reggie Jackson,"$17,043,478.00 ",2018-2019
50,Derrick Favors,"$16,900,000.00 ",2018-2019
51,Gary Harris,"$16,517,857.00 ",2018-2019
52,Andre Iguodala,"$16,000,000.00 ",2018-2019
53,Dennis Schroder,"$15,500,000.00 ",2018-2019
54,Gorgui Dieng,"$15,170,787.00 ",2018-2019
55,Eric Bledsoe,"$15,000,000.00 ",2018-2019
56,Tobias Harris,"$14,800,000.00 ",2018-2019
57,James Johnson,"$14,651,700.00 ",2018-2019
58,Brandon Knight,"$14,631,250.00 ",2018-2019
59,Marvin Williams,"$14,087,500.00 ",2018-2019
60,Ryan Anderson,"$20,421,546.00 ",2018-2019
61,Jabari Parker,"$20,000,000.00 ",2018-2019
62,Tyler Johnson,"$19,356,932.00 ",2018-2019
63,John Wall,"$19,169,800.00 ",2018-2019
64,Jeff Teague,"$19,000,000.00 ",2018-2019
65,Allen Crabbe,"$18,500,000.00 ",2018-2019
66,Kent Bazemore,"$18,089,887.00 ",2018-2019
67,Draymond Green,"$17,469,565.00 ",2018-2019
68,Evan Fournier,"$17,150,000.00 ",2018-2019
69,Bismack Biyombo,"$17,000,000.00 ",2018-2019
70,Jonas Valanciunas,"$16,539,326.00 ",2018-2019
71,Timofey Mozgov,"$16,000,000.00 ",2018-2019
72,Ian Mahinmi,"$15,944,154.00 ",2018-2019
73,DeMarre Carroll,"$15,400,000.00 ",2018-2019
74,Trevor Ariza,"$15,000,000.00 ",2018-2019
75,Ricky Rubio,"$14,975,000.00 ",2018-2019
76,JR Smith,"$14,720,000.00 ",2018-2019
77,Luke Babbitt,"$14,651,700.00 ",2018-2019
78,Robin Lopez,"$14,357,750.00 ",2018-2019
79,Taj Gibson,"$14,000,000.00 ",2018-2019
80,Thaddeus Young,"$13,964,045.00 ",2018-2019
81,Marcin Gortat,"$13,565,218.00 ",2018-2019
82,Eric Gordon,"$13,500,375.00 ",2018-2019
83,Khris Middleton,"$13,000,000.00 ",2018-2019
84,Mason Plumlee,"$12,917,808.00 ",2018-2019
85,Nikola Vucevic,"$12,750,000.00 ",2018-2019
86,Miles Plumlee,"$12,500,000.00 ",2018-2019
87,Nikola Mirotic,"$12,500,000.00 ",2018-2019
88,Courtney Lee,"$12,253,780.00 ",2018-2019
89,JJ Redick,"$12,250,000.00 ",2018-2019
90,Avery Bradley,"$12,000,000.00 ",2018-2019
91,Will Barton,"$11,830,358.00 ",2018-2019
92,Zach Randolph,"$11,692,308.00 ",2018-2019
93,Patty Mills,"$11,571,429.00 ",2018-2019
94,Alec Burks,"$11,536,515.00 ",2018-2019
95,Omer Asik,"$11,286,516.00 ",2018-2019
96,Iman Shumpert,"$11,011,234.00 ",2018-2019
97,Tony Snell,"$10,807,143.00 ",2018-2019
98,Bojan Bogdanovic,"$10,500,000.00 ",2018-2019
99,Robert Covington,"$10,464,092.00 ",2018-2019
100,Clint Capela,"$13,793,104.00 ",2018-2019
101,Cody Zeller,"$13,528,090.00 ",2018-2019
102,Joe Ingles,"$13,045,455.00 ",2018-2019
103,Michael Kidd-Gilchrist,"$13,000,000.00 ",2018-2019
104,Wilson Chandler,"$12,800,562.00 ",2018-2019
105,Kelly Olynyk,"$12,537,527.00 ",2018-2019
106,Jordan Clarkson,"$12,500,000.00 ",2018-2019
107,Tyreke Evans,"$12,400,000.00 ",2018-2019
108,Solomon Hill,"$12,252,928.00 ",2018-2019
109,Kentavious Caldwell-Pope,"$12,000,000.00 ",2018-2019
110,Kemba Walker,"$12,000,000.00 ",2018-2019
111,T.J. Warren,"$11,750,000.00 ",2018-2019
112,Marcus Smart,"$11,660,716.00 ",2018-2019
113,Dion Waiters,"$11,550,000.00 ",2018-2019
114,John Henson,"$11,327,466.00 ",2018-2019
115,Jusuf Nurkic,"$11,111,111.00 ",2018-2019
116,Maurice Harkless,"$10,837,079.00 ",2018-2019
117,Meyers Leonard,"$10,595,506.00 ",2018-2019
118,Terrence Ross,"$10,500,000.00 ",2018-2019
119,Rudy Gay,"$10,087,200.00 ",2018-2019
120,Jon Leuer,"$10,002,681.00 ",2018-2019
121,Danny Green,"$10,000,000.00 ",2018-2019
122,Dwight Powell,"$9,631,250.00 ",2018-2019
123,Dante Exum,"$9,600,000.00 ",2018-2019
124,Norman Powell,"$9,367,200.00 ",2018-2019
125,Bogdan Bogdanovic,"$9,000,000.00 ",2018-2019
126,E'Twaun Moore,"$8,808,685.00 ",2018-2019
127,Kosta Koufos,"$8,739,500.00 ",2018-2019
128,Jerami Grant,"$8,653,847.00 ",2018-2019
129,Julius Randle,"$8,641,000.00 ",2018-2019
130,Markelle Fultz,"$8,339,880.00 ",2018-2019
131,Joe Harris,"$8,333,333.00 ",2018-2019
132,Deandre Ayton,"$8,165,160.00 ",2018-2019
133,Lou Williams,"$8,000,000.00 ",2018-2019
134,Cory Joseph,"$7,945,000.00 ",2018-2019
135,JaMychal Green,"$7,666,667.00 ",2018-2019
136,Jeremy Lamb,"$7,488,372.00 ",2018-2019
137,Lonzo Ball,"$7,461,960.00 ",2018-2019
138,Jae Crowder,"$7,305,825.00 ",2018-2019
139,D.J. Augustin,"$7,250,000.00 ",2018-2019
140,Andre Roberson,"$10,000,000.00 ",2018-2019
141,Darren Collison,"$10,000,000.00 ",2018-2019
142,Matthew Dellavedova,"$9,607,500.00 ",2018-2019
143,Jared Dudley,"$9,530,000.00 ",2018-2019
144,Josh Richardson,"$9,367,200.00 ",2018-2019
145,Rajon Rondo,"$9,000,000.00 ",2018-2019
146,Cristiano Felicio,"$8,740,980.00 ",2018-2019
147,Fred VanVleet,"$8,653,847.00 ",2018-2019
148,Kyle Anderson,"$8,641,000.00 ",2018-2019
149,Jerryd Bayless,"$8,575,916.00 ",2018-2019
150,C.J. Miles,"$8,333,333.00 ",2018-2019
151,Shaun Livingston,"$8,307,692.00 ",2018-2019
152,Garrett Temple,"$8,000,000.00 ",2018-2019
153,P.J. Tucker,"$7,969,537.00 ",2018-2019
154,Karl-Anthony Towns,"$7,839,435.00 ",2018-2019
155,Kyle Korver,"$7,560,000.00 ",2018-2019
156,Darrell Arthur,"$7,464,912.00 ",2018-2019
157,Doug McDermott,"$7,333,333.00 ",2018-2019
158,Marvin Bagley III,"$7,305,600.00 ",2018-2019
159,Dewayne Dedmon,"$7,200,000.00 ",2018-2019
160,Lance Thomas,"$7,119,650.00 ",2018-2019
161,Davis Bertans,"$7,000,000.00 ",2018-2019
162,Langston Galloway,"$7,000,000.00 ",2018-2019
163,Al-Farouq Aminu,"$6,957,105.00 ",2018-2019
164,Luka Doncic,"$6,560,640.00 ",2018-2019
165,Mario Hezonja,"$6,500,000.00 ",2018-2019
166,Milos Teodosic,"$6,300,000.00 ",2018-2019
167,Wesley Johnson,"$6,134,520.00 ",2018-2019
168,Jonathon Simmons,"$6,000,000.00 ",2018-2019
169,Montrezl Harrell,"$6,000,000.00 ",2018-2019
170,Brandon Ingram,"$5,757,120.00 ",2018-2019
171,De'Aaron Fox,"$5,470,920.00 ",2018-2019
172,Alex Abrines,"$5,455,236.00 ",2018-2019
173,Jason Smith,"$5,450,000.00 ",2018-2019
174,Trae Young,"$5,356,440.00 ",2018-2019
175,Dwight Howard,"$5,337,000.00 ",2018-2019
176,Thabo Sefolosha,"$5,250,000.00 ",2018-2019
177,Jaylen Brown,"$5,169,960.00 ",2018-2019
178,Tony Parker,"$5,000,000.00 ",2018-2019
179,Alan Williams,"$5,000,000.00 ",2018-2019
180,D'Angelo Russell,"$7,019,698.00 ",2018-2019
181,Ersan Ilyasova,"$7,000,000.00 ",2018-2019
182,Boban Marjanovic,"$7,000,000.00 ",2018-2019
183,Jayson Tatum,"$6,700,800.00 ",2018-2019
184,Nemanja Bjelica,"$6,500,000.00 ",2018-2019
185,Ben Simmons,"$6,434,520.00 ",2018-2019
186,Marco Belinelli,"$6,153,846.00 ",2018-2019
187,Josh Jackson,"$6,041,520.00 ",2018-2019
188,Ish Smith,"$6,000,000.00 ",2018-2019
189,Jaren Jackson Jr.,"$5,915,040.00 ",2018-2019
190,Kristaps Porzingis,"$5,697,054.00 ",2018-2019
191,Ben McLemore,"$5,460,000.00 ",2018-2019
192,Patrick Patterson,"$5,451,600.00 ",2018-2019
193,Marcus Morris Sr.,"$5,375,000.00 ",2018-2019
194,DeMarcus Cousins,"$5,337,000.00 ",2018-2019
195,Alexis Ajinca,"$5,285,394.00 ",2018-2019
196,Aron Baynes,"$5,193,600.00 ",2018-2019
197,Patrick Beverley,"$5,027,028.00 ",2018-2019
198,Mike Muscala,"$5,000,000.00 ",2018-2019
199,Dirk Nowitzki,"$5,000,000.00 ",2018-2019
200,Kyle Singler,"$4,996,000.00 ",2018-2019
201,Mo Bamba,"$4,865,040.00 ",2018-2019
202,Willie Cauley-Stein,"$4,696,875.00 ",2018-2019
203,Lauri Markkanen,"$4,536,120.00 ",2018-2019
204,Kyle O'Quinn,"$4,449,000.00 ",2018-2019
205,Wendell Carter Jr.,"$4,441,200.00 ",2018-2019
206,Alex Len,"$4,350,000.00 ",2018-2019
207,Luc Mbah a Moute,"$4,320,500.00 ",2018-2019
208,Kris Dunn,"$4,221,000.00 ",2018-2019
209,Glenn Robinson III,"$4,075,000.00 ",2018-2019
210,Stanley Johnson,"$3,940,402.00 ",2018-2019
211,Dennis Smith Jr.,"$3,819,960.00 ",2018-2019
212,J.J. Barea,"$3,710,850.00 ",2018-2019
213,Zach Collins,"$3,628,920.00 ",2018-2019
214,Mikal Bridges,"$3,552,960.00 ",2018-2019
215,Jamal Murray,"$3,499,800.00 ",2018-2019
216,Jodie Meeks,"$3,454,500.00 ",2018-2019
217,Malik Monk,"$3,447,480.00 ",2018-2019
218,Allonzo Trier,"$3,382,000.00 ",2018-2019
219,Shai Gilgeous-Alexander,"$3,375,360.00 ",2018-2019
220,Jonathan Isaac,"$4,969,080.00 ",2018-2019
221,Anthony Tolliver,"$4,750,000.00 ",2018-2019
222,Dragan Bender,"$4,661,280.00 ",2018-2019
223,Ed Davis,"$4,449,000.00 ",2018-2019
224,Lance Stephenson,"$4,449,000.00 ",2018-2019
225,Justin Holiday,"$4,384,616.00 ",2018-2019
226,Mike Scott,"$4,320,500.00 ",2018-2019
227,Emmanuel Mudiay,"$4,294,480.00 ",2018-2019
228,Frank Ntilikina,"$4,155,720.00 ",2018-2019
229,Collin Sexton,"$4,068,600.00 ",2018-2019
230,Buddy Hield,"$3,844,760.00 ",2018-2019
231,Kevin Knox II,"$3,739,920.00 ",2018-2019
232,Nene Hilario,"$3,651,480.00 ",2018-2019
233,Frank Kaminsky,"$3,627,842.00 ",2018-2019
234,Michael Beasley,"$3,500,000.00 ",2018-2019
235,Rodney Hood,"$3,472,887.00 ",2018-2019
236,Justise Winslow,"$3,448,926.00 ",2018-2019
237,Myles Turner,"$3,410,284.00 ",2018-2019
238,Brook Lopez,"$3,382,000.00 ",2018-2019
239,Trey Lyles,"$3,364,249.00 ",2018-2019
240,Ekpe Udoh,"$3,360,000.00 ",2018-2019
241,Luke Kennard,"$3,275,280.00 ",2018-2019
242,Troy Daniels,"$3,258,539.00 ",2018-2019
243,Miles Bridges,"$3,206,640.00 ",2018-2019
244,Tomas Satoransky,"$3,129,187.00 ",2018-2019
245,Donovan Mitchell,"$3,111,480.00 ",2018-2019
246,Jerome Robinson,"$3,046,200.00 ",2018-2019
247,Elfrid Payton,"$3,000,000.00 ",2018-2019
248,Jakob Poeltl,"$2,947,320.00 ",2018-2019
249,Justin Jackson,"$2,807,880.00 ",2018-2019
250,Seth Curry,"$2,795,000.00 ",2018-2019
251,Sam Dekker,"$2,760,095.00 ",2018-2019
252,Justin Patton,"$2,667,600.00 ",2018-2019
253,Domantas Sabonis,"$2,659,800.00 ",2018-2019
254,Delon Wright,"$2,536,898.00 ",2018-2019
255,Dario Saric,"$2,526,840.00 ",2018-2019
256,Taurean Prince,"$2,526,840.00 ",2018-2019
257,Manu Ginobili,"$2,500,000.00 ",2018-2019
258,Bobby Portis,"$2,494,346.00 ",2018-2019
259,Donte DiVincenzo,"$2,481,000.00 ",2018-2019
260,Devin Booker,"$3,314,365.00 ",2018-2019
261,Cameron Payne,"$3,263,294.00 ",2018-2019
262,Kelly Oubre Jr.,"$3,208,630.00 ",2018-2019
263,Marquese Chriss,"$3,206,160.00 ",2018-2019
264,Bryn Forbes,"$3,125,000.00 ",2018-2019
265,Terry Rozier,"$3,050,390.00 ",2018-2019
266,Yogi Ferrell,"$3,000,000.00 ",2018-2019
267,Bam Adebayo,"$2,955,840.00 ",2018-2019
268,Michael Porter Jr.,"$2,894,160.00 ",2018-2019
269,Thon Maker,"$2,799,720.00 ",2018-2019
270,Cedi Osman,"$2,775,000.00 ",2018-2019
271,Troy Brown Jr.,"$2,749,080.00 ",2018-2019
272,Guerschon Yabusele,"$2,667,600.00 ",2018-2019
273,Jerian Grant,"$2,639,314.00 ",2018-2019
274,D.J. Wilson,"$2,534,280.00 ",2018-2019
275,Zhaire Smith,"$2,526,840.00 ",2018-2019
276,Justin Anderson,"$2,516,048.00 ",2018-2019
277,Reggie Bullock,"$2,500,000.00 ",2018-2019
278,Dante Cunningham,"$2,487,000.00 ",2018-2019
279,Rondae Hollis-Jefferson,"$2,470,357.00 ",2018-2019
280,Emeka Okafor,"$2,445,085.00 ",2018-2019
281,Tyus Jones,"$2,444,053.00 ",2018-2019
282,T.J. Leaf,"$2,407,560.00 ",2018-2019
283,Lonnie Walker IV,"$2,357,160.00 ",2018-2019
284,Denzel Valentine,"$2,280,600.00 ",2018-2019
285,Kevin Huerter,"$2,250,960.00 ",2018-2019
286,Harry Giles III,"$2,207,040.00 ",2018-2019
287,Juan Hernangomez,"$2,166,360.00 ",2018-2019
288,Raul Neto,"$2,150,000.00 ",2018-2019
289,Grayson Allen,"$2,074,320.00 ",2018-2019
290,OG Anunoby,"$2,034,120.00 ",2018-2019
291,Corey Brewer,"$2,000,000.00 ",2018-2019
292,Chandler Hutchison,"$1,990,520.00 ",2018-2019
293,Shabazz Napier,"$1,942,422.00 ",2018-2019
294,Tyler Lydon,"$1,874,640.00 ",2018-2019
295,Trey Burke,"$1,795,015.00 ",2018-2019
296,Moritz Wagner,"$1,762,080.00 ",2018-2019
297,Nerlens Noel,"$1,757,429.00 ",2018-2019
298,Furkan Korkmaz,"$1,740,000.00 ",2018-2019
299,Caris LeVert,"$1,702,800.00 ",2018-2019
300,Kendrick Perkins,"$2,445,085.00 ",2018-2019
301,Jarell Martin,"$2,416,222.00 ",2018-2019
302,Wayne Ellington,"$2,383,076.00 ",2018-2019
303,John Collins,"$2,299,080.00 ",2018-2019
304,Larry Nance Jr.,"$2,272,391.00 ",2018-2019
305,Brandon Jennings,"$2,222,803.00 ",2018-2019
306,Darius Miller,"$2,205,000.00 ",2018-2019
307,Josh Okogie,"$2,160,720.00 ",2018-2019
308,Terrance Ferguson,"$2,118,840.00 ",2018-2019
309,Sean Kilpatrick,"$2,054,856.00 ",2018-2019
310,Jarrett Allen,"$2,034,120.00 ",2018-2019
311,Torrey Craig,"$2,000,000.00 ",2018-2019
312,Ante Zizic,"$1,952,760.00 ",2018-2019
313,Aaron Holiday,"$1,911,960.00 ",2018-2019
314,DeAndre Liggins,"$1,795,015.00 ",2018-2019
315,Malik Beasley,"$1,773,840.00 ",2018-2019
316,Anfernee Simons,"$1,760,520.00 ",2018-2019
317,Caleb Swanigan,"$1,740,000.00 ",2018-2019
318,Landry Shamet,"$1,703,649.00 ",2018-2019
319,Jonah Bolden,"$1,690,000.00 ",2018-2019
320,Kyle Kuzma,"$1,689,840.00 ",2018-2019
321,Derrick White,"$1,667,160.00 ",2018-2019
322,Julyan Stone,"$1,656,092.00 ",2018-2019
323,Josh Hart,"$1,655,160.00 ",2018-2019
324,Jacob Evans,"$1,644,240.00 ",2018-2019
325,DeAndre' Bembry,"$1,634,640.00 ",2018-2019
326,James Ennis III,"$1,621,415.00 ",2018-2019
327,Luke Kornet,"$1,619,260.00 ",2018-2019
328,Richaun Holmes,"$1,600,520.00 ",2018-2019
329,Dwight Buycks,"$1,600,520.00 ",2018-2019
330,Jahlil Okafor,"$1,567,707.00 ",2018-2019
331,Pascal Siakam,"$1,544,951.00 ",2018-2019
332,Georgios Papagiannis,"$1,544,951.00 ",2018-2019
333,Cheick Diallo,"$1,544,951.00 ",2018-2019
334,Jake Layman,"$1,544,951.00 ",2018-2019
335,Ivica Zubac,"$1,544,951.00 ",2018-2019
336,Wade Baldwin IV,"$1,544,951.00 ",2018-2019
337,Andrew Harrison,"$1,544,951.00 ",2018-2019
338,Paul Zipser,"$1,544,951.00 ",2018-2019
339,Skal Labissiere,"$1,544,951.00 ",2018-2019
340,Tony Bradley,"$1,679,520.00 ",2018-2019
341,Spencer Dinwiddie,"$1,656,092.00 ",2018-2019
342,MarShon Brooks,"$1,656,092.00 ",2018-2019
343,Robert Williams III,"$1,654,440.00 ",2018-2019
344,Pat Connaughton,"$1,641,000.00 ",2018-2019
345,Dzanan Musa,"$1,632,240.00 ",2018-2019
346,Omari Spellman,"$1,620,480.00 ",2018-2019
347,Rodions Kurucs,"$1,618,320.00 ",2018-2019
348,T.J. McConnell,"$1,600,520.00 ",2018-2019
349,Malachi Richardson,"$1,569,360.00 ",2018-2019
350,Willy Hernangomez,"$1,544,951.00 ",2018-2019
351,Dejounte Murray,"$1,544,951.00 ",2018-2019
352,Chinanu Onuaku,"$1,544,951.00 ",2018-2019
353,Timothe Luwawu-Cabarrot,"$1,544,951.00 ",2018-2019
354,Quinn Cook,"$1,544,951.00 ",2018-2019
355,Rodney McGruder,"$1,544,951.00 ",2018-2019
356,Malcolm Brogdon,"$1,544,951.00 ",2018-2019
357,Dorian Finney-Smith,"$1,544,951.00 ",2018-2019
358,Wayne Selden,"$1,544,951.00 ",2018-2019
359,Damian Jones,"$1,544,951.00 ",2018-2019
360,Alex Poythress,"$1,544,951.00 ",2018-2019
361,Omri Casspi,"$1,512,601.00 ",2018-2019
362,Raymond Felton,"$1,512,601.00 ",2018-2019
363,Troy Williams,"$1,512,601.00 ",2018-2019
364,Amir Johnson,"$1,512,601.00 ",2018-2019
365,Jamal Crawford,"$1,512,601.00 ",2018-2019
366,Isaiah Canaan,"$1,512,601.00 ",2018-2019
367,Udonis Haslem,"$1,512,601.00 ",2018-2019
368,JaVale McGee,"$1,512,601.00 ",2018-2019
369,Jeff Green,"$1,512,601.00 ",2018-2019
370,Jonas Jerebko,"$1,512,601.00 ",2018-2019
371,Derrick Rose,"$1,512,601.00 ",2018-2019
372,Zaza Pachulia,"$1,512,601.00 ",2018-2019
373,Gerald Green,"$1,512,601.00 ",2018-2019
374,Channing Frye,"$1,512,601.00 ",2018-2019
375,Treveon Graham,"$1,512,601.00 ",2018-2019
376,Sviatoslav Mykhailiuk,"$1,487,694.00 ",2018-2019
377,Dwayne Bacon,"$1,378,242.00 ",2018-2019
378,Dillon Brooks,"$1,378,242.00 ",2018-2019
379,Thomas Bryant,"$1,378,242.00 ",2018-2019
380,Shelvin Mack,"$1,512,601.00 ",2018-2019
381,Georges Niang,"$1,512,601.00 ",2018-2019
382,Quincy Pondexter,"$1,512,601.00 ",2018-2019
383,Carmelo Anthony,"$1,512,601.00 ",2018-2019
384,David Nwaba,"$1,512,601.00 ",2018-2019
385,Luol Deng,"$1,512,601.00 ",2018-2019
386,Derrick Jones Jr.,"$1,512,601.00 ",2018-2019
387,Dwyane Wade,"$1,512,601.00 ",2018-2019
388,Isaiah Thomas,"$1,512,601.00 ",2018-2019
389,Kevon Looney,"$1,512,601.00 ",2018-2019
390,Christian Wood,"$1,512,601.00 ",2018-2019
391,Jose Calderon,"$1,512,601.00 ",2018-2019
392,Noah Vonleh,"$1,512,601.00 ",2018-2019
393,Devin Harris,"$1,512,601.00 ",2018-2019
394,Ian Clark,"$1,512,601.00 ",2018-2019
395,Vince Carter,"$1,512,601.00 ",2018-2019
396,Mitchell Robinson,"$1,485,440.00 ",2018-2019
397,Tyler Dorsey,"$1,378,242.00 ",2018-2019
398,Dakari Johnson,"$1,378,242.00 ",2018-2019
399,Royce O'Neale,"$1,378,242.00 ",2018-2019
400,Abdel Nader,"$1,378,242.00 ",2018-2019
401,Jawun Evans,"$1,378,242.00 ",2018-2019
402,Khem Birch,"$1,378,242.00 ",2018-2019
403,Damyean Dotson,"$1,378,242.00 ",2018-2019
404,Frank Mason III,"$1,378,242.00 ",2018-2019
405,Rodney Purvis,"$1,378,242.00 ",2018-2019
406,Ike Anigbogu,"$1,378,242.00 ",2018-2019
407,Antonius Cleveland,"$1,378,242.00 ",2018-2019
408,Jordan Bell,"$1,378,242.00 ",2018-2019
409,Sindarius Thornwell,"$1,378,242.00 ",2018-2019
410,Daniel Theis,"$1,378,242.00 ",2018-2019
411,Ben Moore,"$1,349,383.00 ",2018-2019
412,Daniel Hamilton,"$1,349,383.00 ",2018-2019
413,Antonio Blakeney,"$1,349,383.00 ",2018-2019
414,Tyrone Wallace,"$1,349,383.00 ",2018-2019
415,Shaquille Harrison,"$1,311,265.00 ",2018-2019
416,Jalen Brunson,"$1,230,000.00 ",2018-2019
417,Joakim Noah,"$1,093,858.00 ",2018-2019
418,Nick Young,"$1,042,584.00 ",2018-2019
419,Devonte' Graham,"$988,464.00 ",2018-2019
420,Brandon Paul,"$1,378,242.00 ",2018-2019
421,Wes Iwundu,"$1,378,242.00 ",2018-2019
422,Ivan Rabb,"$1,378,242.00 ",2018-2019
423,Jaylen Morris,"$1,378,242.00 ",2018-2019
424,Sterling Brown,"$1,378,242.00 ",2018-2019
425,David Stockton,"$1,378,242.00 ",2018-2019
426,Zhou Qi,"$1,378,242.00 ",2018-2019
427,Maxi Kleber,"$1,378,242.00 ",2018-2019
428,Frank Jackson,"$1,378,242.00 ",2018-2019
429,Semi Ojeleye,"$1,378,242.00 ",2018-2019
430,Jabari Bird,"$1,349,464.00 ",2018-2019
431,Monte Morris,"$1,349,383.00 ",2018-2019
432,Alfonzo McKinnie,"$1,349,383.00 ",2018-2019
433,Ryan Arcidiacono,"$1,349,383.00 ",2018-2019
434,Tyson Chandler,"$1,333,140.00 ",2018-2019
435,Elie Okobo,"$1,238,464.00 ",2018-2019
436,Okaro White,"$1,187,862.00 ",2018-2019
437,Melvin Frazier Jr.,"$1,050,000.00 ",2018-2019
438,Isaac Bonga,"$1,000,000.00 ",2018-2019
439,De'Anthony Melton,"$949,000.00 ",2018-2019
440,Ron Baker,"$948,580.00 ",2018-2019
441,Chasson Randle,"$869,094.00 ",2018-2019
442,Chimezie Metu,"$838,464.00 ",2018-2019
443,Jevon Carter,"$838,464.00 ",2018-2019
444,Isaiah Briscoe,"$838,464.00 ",2018-2019
445,Alize Johnson,"$838,464.00 ",2018-2019
446,Bruce Brown,"$838,464.00 ",2018-2019
447,Keita Bates-Diop,"$838,464.00 ",2018-2019
448,Brad Wanamaker,"$838,464.00 ",2018-2019
449,Kenneth Faried,"$683,661.00 ",2018-2019
450,Gary Clark,"$596,873.00 ",2018-2019
451,Wesley Matthews,"$512,746.00 ",2018-2019
452,Nik Stauskas,"$504,200.00 ",2018-2019
453,Enes Kanter,"$487,109.00 ",2018-2019
454,Chris Boucher,"$457,418.00 ",2018-2019
455,Markieff Morris,"$427,288.00 ",2018-2019
456,Pau Gasol,"$333,285.00 ",2018-2019
457,Jaylen Adams,"$270,014.00 ",2018-2019
458,Jimmer Fredette,"$208,509.00 ",2018-2019
459,Dairis Bertans,"$194,220.00 ",2018-2019
460,Austin Rivers,"$922,943.00 ",2018-2019
461,Hamidou Diallo,"$838,464.00 ",2018-2019
462,Gary Trent Jr.,"$838,464.00 ",2018-2019
463,Ryan Broekhoff,"$838,464.00 ",2018-2019
464,Jarred Vanderbilt,"$838,464.00 ",2018-2019
465,Isaiah Hartenstein,"$838,464.00 ",2018-2019
466,Khyri Thomas,"$838,464.00 ",2018-2019
467,Kenrich Williams,"$838,464.00 ",2018-2019
468,Patrick McCaw,"$777,665.00 ",2018-2019
469,Brandon Goodwin,"$630,032.00 ",2018-2019
470,Bruno Caboclo,"$522,151.00 ",2018-2019
471,Salah Mejri,"$512,746.00 ",2018-2019
472,Jeremy Lin,"$487,109.00 ",2018-2019
473,John Jenkins,"$486,520.00 ",2018-2019
474,Malcolm Miller,"$457,418.00 ",2018-2019
475,Henry Ellenson,"$341,831.00 ",2018-2019
476,Andrew Bogut,"$307,648.00 ",2018-2019
477,Danuel House Jr.,"$247,827.00 ",2018-2019
478,Tim Frazier,"$196,553.00 ",2018-2019
479,Ray Spalding,"$184,746.00 ",2018-2019
480,Deonte Burton,"$151,587.00 ",2018-2019
481,Chris Chiozza,"$90,005.00 ",2018-2019
482,Donatas Motiejunas,"$59,820.00 ",2018-2019
483,Michael Carter-Williams,"$59,820.00 ",2018-2019
484,Jemerrio Jones,"$52,108.00 ",2018-2019
485,Mitchell Creek,"$47,371.00 ",2018-2019
486,Billy Garrett Jr.,"$42,634.00 ",2018-2019
487,Michael Frazier,"$23,685.00 ",2018-2019
488,Eric Moreland,"$17,092.00 ",2018-2019
489,Jonathan Gibson,"$17,092.00 ",2018-2019
490,Duncan Robinson,"$9,474.00 ",2018-2019
491,Kendrick Nunn,"$4,737.00 ",2018-2019
492,Cameron Reynolds,"$108,953.00 ",2018-2019
493,JaKarr Sampson,"$85,458.00 ",2018-2019
494,Greg Monroe,"$59,820.00 ",2018-2019
495,Tyler Zeller,"$59,820.00 ",2018-2019
496,Isaac Humphries,"$47,371.00 ",2018-2019
497,BJ Johnson,"$42,634.00 ",2018-2019
498,Deyonta Davis,"$25,367.00 ",2018-2019
499,Yante Maten,"$18,948.00 ",2018-2019
500,Jordan McRae,"$17,092.00 ",2018-2019
501,Tarik Phillip,"$9,474.00 ",2018-2019
502,Theo Pinson,"$4,737.00 ",2018-2019